engine_file,total_pages,pages_without_any_esquema,pages_list
engine_12V4000M40A.json,312,5,"353,385,393,396,398"
engine_12V4000M53.json,607,73,"22,93,94,176,223,238,239,240,241,243,249,262,294,377,448,449,531,578,593,594,595,596,598,604,617,651,659,660,661,734,735,736,744,745,746,761,762,770,771,772,779,781,782,783,784,785,786,787,790,791,794,795,796,797,800,801,805,806,811,816,817,818,819,822,824,825,826,827,830,831,832,833,834"
engine_12V4000M70.json,593,30,"165,166,170,171,172,173,174,175,207,236,504,505,509,510,511,512,513,514,544,573,693,694,703,704,786,787,788,789,790,791"
engine_16V4000M61.json,618,46,"286,287,288,304,305,309,327,328,373,374,375,376,377,392,393,397,398,399,400,401,404,405,406,427,428,434,436,454,455,475,476,477,478,479,480,490,491,495,496,502,506,507,508,795,796,800"
engine_16V4000M73.json,1029,8,"322,323,676,677,1031,1032,1385,1386"
engine_16V4000M73L.json,1267,94,"252,253,291,299,308,310,311,312,314,315,337,347,400,401,414,454,455,456,457,458,459,463,464,465,466,467,468,469,470,472,473,738,739,777,787,789,790,791,793,794,799,809,1083,1084,1119,1123,1124,1133,1134,1136,1137,1142,1152,1419,1420,1454,1458,1459,1468,1469,1471,1472,1477,1487,1517,1518,1519,1527,1528,1529,1536,1537,1544,1545,1549,1597,1598,1611,1651,1652,1653,1654,1655,1656,1660,1661,1662,1663,1664,1665,1666,1667,1669,1670"
engine_16V4000M90.json,314,5,"280,282,295,417,418"
engine_20V4000M93.json,1116,32,"21,57,60,237,238,261,329,400,417,453,456,633,634,657,725,796,813,849,852,1029,1030,1053,1121,1192,1209,1245,1248,1425,1426,1449,1517,1588"
engine_20V4000M93L.json,527,21,"1304,1442,1443,1445,1453,1454,1681,1683,1684,1685,1822,1823,1825,1837,1838,1872,1873,1874,1875,1876,1877"
