model,field,filled_count,empty_count,filled_percent
12V4000M40A,ID,2769,0,100
12V4000M40A,rebuild_legacy_engine_id,2716,53,98.09
12V4000M40A,pn_final,2668,101,96.35
12V4000M40A,pos_final,2726,43,98.45
12V4000M40A,designation_final,2769,0,100
12V4000M40A,pn_pdf,2668,101,96.35
12V4000M40A,pos_pdf,2726,43,98.45
12V4000M40A,designation_pdf,2769,0,100
12V4000M40A,qty_pdf,2769,0,100
12V4000M40A,measure_pdf,1740,1029,62.84
12V4000M40A,norma_pdf,1221,1548,44.1
12V4000M40A,qty_final,2769,0,100
12V4000M40A,measure_final,1740,1029,62.84
12V4000M40A,norma_final,1221,1548,44.1
12V4000M40A,weight_final,2162,607,78.08
12V4000M40A,fn_final,555,2214,20.04
12V4000M40A,fg_fgs_final,1540,1229,55.62
12V4000M40A,bom_final,2769,0,100
12V4000M40A,qa_revision_estado,2769,0,100
12V4000M40A,qa_revision_accion,0,2769,0
12V4000M40A,total_error,2769,0,100
12V4000M40A,has_error,2769,0,100
12V4000M40A,filename_foto,44,2725,1.59
12V4000M40A,ruta_foto,44,2725,1.59
12V4000M40A,esquemas,1920,849,69.34
12V4000M40A,esquemas_circulos,1646,1123,59.44
12V4000M40A,esquemas_circulos_all,1646,1123,59.44
12V4000M40A,ruta_esquemas_pos,1646,1123,59.44
12V4000M40A,exp_imagenes,1654,1115,59.73
12V4000M40A,gesa,2769,0,100
12V4000M40A,designation_gesa,2193,576,79.2
12V4000M40A,nsn,1944,825,70.21
12V4000M40A,norma,1122,1647,40.52
12V4000M40A,normalizado,2769,0,100
12V4000M40A,dimensions_gesa,1510,1259,54.53
12V4000M40A,weight_gesa,2193,576,79.2
12V4000M40A,sust_status,2769,0,100
12V4000M40A,sust_hierarchie,1420,1349,51.28
12V4000M40A,sust_new_part_number,1420,1349,51.28
12V4000M40A,sust_superseded_list,1397,1372,50.45
12V4000M53,ID,6739,0,100
12V4000M53,rebuild_legacy_engine_id,6060,679,89.92
12V4000M53,pn_final,6303,436,93.53
12V4000M53,pos_final,6376,363,94.61
12V4000M53,designation_final,6705,34,99.5
12V4000M53,pn_pdf,6303,436,93.53
12V4000M53,pos_pdf,6376,363,94.61
12V4000M53,designation_pdf,6705,34,99.5
12V4000M53,qty_pdf,6707,32,99.53
12V4000M53,measure_pdf,4660,2079,69.15
12V4000M53,norma_pdf,3355,3384,49.78
12V4000M53,qty_final,6707,32,99.53
12V4000M53,measure_final,4660,2079,69.15
12V4000M53,norma_final,3355,3384,49.78
12V4000M53,weight_final,6530,209,96.9
12V4000M53,fn_final,753,5986,11.17
12V4000M53,fg_fgs_final,4233,2506,62.81
12V4000M53,bom_final,6739,0,100
12V4000M53,qa_revision_estado,6739,0,100
12V4000M53,qa_revision_accion,0,6739,0
12V4000M53,total_error,6739,0,100
12V4000M53,has_error,6739,0,100
12V4000M53,filename_foto,0,6739,0
12V4000M53,ruta_foto,0,6739,0
12V4000M53,esquemas,0,6739,0
12V4000M53,esquemas_circulos,0,6739,0
12V4000M53,esquemas_circulos_all,0,6739,0
12V4000M53,ruta_esquemas_pos,0,6739,0
12V4000M53,exp_imagenes,0,6739,0
12V4000M53,gesa,0,6739,0
12V4000M53,designation_gesa,0,6739,0
12V4000M53,nsn,0,6739,0
12V4000M53,norma,0,6739,0
12V4000M53,normalizado,0,6739,0
12V4000M53,dimensions_gesa,0,6739,0
12V4000M53,weight_gesa,0,6739,0
12V4000M53,sust_status,0,6739,0
12V4000M53,sust_hierarchie,0,6739,0
12V4000M53,sust_new_part_number,0,6739,0
12V4000M53,sust_superseded_list,0,6739,0
12V4000M70,ID,5633,0,100
12V4000M70,rebuild_legacy_engine_id,4980,653,88.41
12V4000M70,pn_final,5568,65,98.85
12V4000M70,pos_final,5609,24,99.57
12V4000M70,designation_final,5615,18,99.68
12V4000M70,pn_pdf,5568,65,98.85
12V4000M70,pos_pdf,5609,24,99.57
12V4000M70,designation_pdf,5615,18,99.68
12V4000M70,qty_pdf,5611,22,99.61
12V4000M70,measure_pdf,3604,2029,63.98
12V4000M70,norma_pdf,2579,3054,45.78
12V4000M70,qty_final,5611,22,99.61
12V4000M70,measure_final,3604,2029,63.98
12V4000M70,norma_final,2579,3054,45.78
12V4000M70,weight_final,5379,254,95.49
12V4000M70,fn_final,812,4821,14.42
12V4000M70,fg_fgs_final,3362,2271,59.68
12V4000M70,bom_final,5633,0,100
12V4000M70,qa_revision_estado,5633,0,100
12V4000M70,qa_revision_accion,0,5633,0
12V4000M70,total_error,5633,0,100
12V4000M70,has_error,5633,0,100
12V4000M70,filename_foto,0,5633,0
12V4000M70,ruta_foto,0,5633,0
12V4000M70,esquemas,0,5633,0
12V4000M70,esquemas_circulos,0,5633,0
12V4000M70,esquemas_circulos_all,0,5633,0
12V4000M70,ruta_esquemas_pos,0,5633,0
12V4000M70,exp_imagenes,0,5633,0
12V4000M70,gesa,0,5633,0
12V4000M70,designation_gesa,0,5633,0
12V4000M70,nsn,0,5633,0
12V4000M70,norma,0,5633,0
12V4000M70,normalizado,0,5633,0
12V4000M70,dimensions_gesa,0,5633,0
12V4000M70,weight_gesa,0,5633,0
12V4000M70,sust_status,0,5633,0
12V4000M70,sust_hierarchie,0,5633,0
12V4000M70,sust_new_part_number,0,5633,0
12V4000M70,sust_superseded_list,0,5633,0
16V4000M61,ID,5366,0,100
16V4000M61,rebuild_legacy_engine_id,4962,404,92.47
16V4000M61,pn_final,5189,177,96.7
16V4000M61,pos_final,5352,14,99.74
16V4000M61,designation_final,5354,12,99.78
16V4000M61,pn_pdf,5189,177,96.7
16V4000M61,pos_pdf,5352,14,99.74
16V4000M61,designation_pdf,5354,12,99.78
16V4000M61,qty_pdf,5354,12,99.78
16V4000M61,measure_pdf,3371,1995,62.82
16V4000M61,norma_pdf,0,5366,0
16V4000M61,qty_final,5354,12,99.78
16V4000M61,measure_final,3371,1995,62.82
16V4000M61,norma_final,0,5366,0
16V4000M61,weight_final,4267,1099,79.52
16V4000M61,fn_final,1115,4251,20.78
16V4000M61,fg_fgs_final,2741,2625,51.08
16V4000M61,bom_final,5366,0,100
16V4000M61,qa_revision_estado,5366,0,100
16V4000M61,qa_revision_accion,0,5366,0
16V4000M61,total_error,5366,0,100
16V4000M61,has_error,5366,0,100
16V4000M61,filename_foto,0,5366,0
16V4000M61,ruta_foto,0,5366,0
16V4000M61,esquemas,0,5366,0
16V4000M61,esquemas_circulos,0,5366,0
16V4000M61,esquemas_circulos_all,0,5366,0
16V4000M61,ruta_esquemas_pos,0,5366,0
16V4000M61,exp_imagenes,0,5366,0
16V4000M61,gesa,0,5366,0
16V4000M61,designation_gesa,0,5366,0
16V4000M61,nsn,0,5366,0
16V4000M61,norma,0,5366,0
16V4000M61,normalizado,0,5366,0
16V4000M61,dimensions_gesa,0,5366,0
16V4000M61,weight_gesa,0,5366,0
16V4000M61,sust_status,0,5366,0
16V4000M61,sust_hierarchie,0,5366,0
16V4000M61,sust_new_part_number,0,5366,0
16V4000M61,sust_superseded_list,0,5366,0
16V4000M73,ID,12794,0,100
16V4000M73,rebuild_legacy_engine_id,11834,960,92.5
16V4000M73,pn_final,12043,751,94.13
16V4000M73,pos_final,12259,535,95.82
16V4000M73,designation_final,12712,82,99.36
16V4000M73,pn_pdf,12043,751,94.13
16V4000M73,pos_pdf,12259,535,95.82
16V4000M73,designation_pdf,12712,82,99.36
16V4000M73,qty_pdf,12704,90,99.3
16V4000M73,measure_pdf,8637,4157,67.51
16V4000M73,norma_pdf,7038,5756,55.01
16V4000M73,qty_final,12704,90,99.3
16V4000M73,measure_final,8637,4157,67.51
16V4000M73,norma_final,7038,5756,55.01
16V4000M73,weight_final,12021,773,93.96
16V4000M73,fn_final,1342,11452,10.49
16V4000M73,fg_fgs_final,8400,4394,65.66
16V4000M73,bom_final,12794,0,100
16V4000M73,qa_revision_estado,12794,0,100
16V4000M73,qa_revision_accion,0,12794,0
16V4000M73,total_error,12794,0,100
16V4000M73,has_error,12794,0,100
16V4000M73,filename_foto,0,12794,0
16V4000M73,ruta_foto,0,12794,0
16V4000M73,esquemas,0,12794,0
16V4000M73,esquemas_circulos,0,12794,0
16V4000M73,esquemas_circulos_all,0,12794,0
16V4000M73,ruta_esquemas_pos,0,12794,0
16V4000M73,exp_imagenes,0,12794,0
16V4000M73,gesa,0,12794,0
16V4000M73,designation_gesa,0,12794,0
16V4000M73,nsn,0,12794,0
16V4000M73,norma,0,12794,0
16V4000M73,normalizado,0,12794,0
16V4000M73,dimensions_gesa,0,12794,0
16V4000M73,weight_gesa,0,12794,0
16V4000M73,sust_status,0,12794,0
16V4000M73,sust_hierarchie,0,12794,0
16V4000M73,sust_new_part_number,0,12794,0
16V4000M73,sust_superseded_list,0,12794,0
16V4000M73L,ID,11735,0,100
16V4000M73L,rebuild_legacy_engine_id,11042,693,94.09
16V4000M73L,pn_final,11481,254,97.84
16V4000M73L,pos_final,11701,34,99.71
16V4000M73L,designation_final,11735,0,100
16V4000M73L,pn_pdf,11481,254,97.84
16V4000M73L,pos_pdf,11701,34,99.71
16V4000M73L,designation_pdf,11735,0,100
16V4000M73L,qty_pdf,11735,0,100
16V4000M73L,measure_pdf,7690,4045,65.53
16V4000M73L,norma_pdf,0,11735,0
16V4000M73L,qty_final,11735,0,100
16V4000M73L,measure_final,7690,4045,65.53
16V4000M73L,norma_final,0,11735,0
16V4000M73L,weight_final,9580,2155,81.64
16V4000M73L,fn_final,1850,9885,15.76
16V4000M73L,fg_fgs_final,6854,4881,58.41
16V4000M73L,bom_final,11735,0,100
16V4000M73L,qa_revision_estado,11735,0,100
16V4000M73L,qa_revision_accion,0,11735,0
16V4000M73L,total_error,11735,0,100
16V4000M73L,has_error,11735,0,100
16V4000M73L,filename_foto,0,11735,0
16V4000M73L,ruta_foto,0,11735,0
16V4000M73L,esquemas,0,11735,0
16V4000M73L,esquemas_circulos,0,11735,0
16V4000M73L,esquemas_circulos_all,0,11735,0
16V4000M73L,ruta_esquemas_pos,0,11735,0
16V4000M73L,exp_imagenes,0,11735,0
16V4000M73L,gesa,0,11735,0
16V4000M73L,designation_gesa,0,11735,0
16V4000M73L,nsn,0,11735,0
16V4000M73L,norma,0,11735,0
16V4000M73L,normalizado,0,11735,0
16V4000M73L,dimensions_gesa,0,11735,0
16V4000M73L,weight_gesa,0,11735,0
16V4000M73L,sust_status,0,11735,0
16V4000M73L,sust_hierarchie,0,11735,0
16V4000M73L,sust_new_part_number,0,11735,0
16V4000M73L,sust_superseded_list,0,11735,0
16V4000M90,ID,2859,0,100
16V4000M90,rebuild_legacy_engine_id,2689,170,94.05
16V4000M90,pn_final,2709,150,94.75
16V4000M90,pos_final,2759,100,96.5
16V4000M90,designation_final,2851,8,99.72
16V4000M90,pn_pdf,2709,150,94.75
16V4000M90,pos_pdf,2759,100,96.5
16V4000M90,designation_pdf,2851,8,99.72
16V4000M90,qty_pdf,2850,9,99.69
16V4000M90,measure_pdf,1868,991,65.34
16V4000M90,norma_pdf,1231,1628,43.06
16V4000M90,qty_final,2850,9,99.69
16V4000M90,measure_final,1868,991,65.34
16V4000M90,norma_final,1231,1628,43.06
16V4000M90,weight_final,2767,92,96.78
16V4000M90,fn_final,391,2468,13.68
16V4000M90,fg_fgs_final,1570,1289,54.91
16V4000M90,bom_final,2859,0,100
16V4000M90,qa_revision_estado,2859,0,100
16V4000M90,qa_revision_accion,0,2859,0
16V4000M90,total_error,2859,0,100
16V4000M90,has_error,2859,0,100
16V4000M90,filename_foto,0,2859,0
16V4000M90,ruta_foto,0,2859,0
16V4000M90,esquemas,0,2859,0
16V4000M90,esquemas_circulos,0,2859,0
16V4000M90,esquemas_circulos_all,0,2859,0
16V4000M90,ruta_esquemas_pos,0,2859,0
16V4000M90,exp_imagenes,0,2859,0
16V4000M90,gesa,0,2859,0
16V4000M90,designation_gesa,0,2859,0
16V4000M90,nsn,0,2859,0
16V4000M90,norma,0,2859,0
16V4000M90,normalizado,0,2859,0
16V4000M90,dimensions_gesa,0,2859,0
16V4000M90,weight_gesa,0,2859,0
16V4000M90,sust_status,0,2859,0
16V4000M90,sust_hierarchie,0,2859,0
16V4000M90,sust_new_part_number,0,2859,0
16V4000M90,sust_superseded_list,0,2859,0
20V4000M93,ID,14854,0,100
20V4000M93,rebuild_legacy_engine_id,14255,599,95.97
20V4000M93,pn_final,14381,473,96.82
20V4000M93,pos_final,14717,137,99.08
20V4000M93,designation_final,14822,32,99.78
20V4000M93,pn_pdf,14381,473,96.82
20V4000M93,pos_pdf,14717,137,99.08
20V4000M93,designation_pdf,14822,32,99.78
20V4000M93,qty_pdf,14821,33,99.78
20V4000M93,measure_pdf,10062,4792,67.74
20V4000M93,norma_pdf,7929,6925,53.38
20V4000M93,qty_final,14821,33,99.78
20V4000M93,measure_final,10062,4792,67.74
20V4000M93,norma_final,7929,6925,53.38
20V4000M93,weight_final,14005,849,94.28
20V4000M93,fn_final,1659,13195,11.17
20V4000M93,fg_fgs_final,9620,5234,64.76
20V4000M93,bom_final,14854,0,100
20V4000M93,qa_revision_estado,14854,0,100
20V4000M93,qa_revision_accion,0,14854,0
20V4000M93,total_error,14854,0,100
20V4000M93,has_error,14854,0,100
20V4000M93,filename_foto,0,14854,0
20V4000M93,ruta_foto,0,14854,0
20V4000M93,esquemas,0,14854,0
20V4000M93,esquemas_circulos,0,14854,0
20V4000M93,esquemas_circulos_all,0,14854,0
20V4000M93,ruta_esquemas_pos,0,14854,0
20V4000M93,exp_imagenes,0,14854,0
20V4000M93,gesa,0,14854,0
20V4000M93,designation_gesa,0,14854,0
20V4000M93,nsn,0,14854,0
20V4000M93,norma,0,14854,0
20V4000M93,normalizado,0,14854,0
20V4000M93,dimensions_gesa,0,14854,0
20V4000M93,weight_gesa,0,14854,0
20V4000M93,sust_status,0,14854,0
20V4000M93,sust_hierarchie,0,14854,0
20V4000M93,sust_new_part_number,0,14854,0
20V4000M93,sust_superseded_list,0,14854,0
20V4000M93L,ID,7209,0,100
20V4000M93L,rebuild_legacy_engine_id,6802,407,94.35
20V4000M93L,pn_final,6866,343,95.24
20V4000M93L,pos_final,6953,256,96.45
20V4000M93L,designation_final,7171,38,99.47
20V4000M93L,pn_pdf,6866,343,95.24
20V4000M93L,pos_pdf,6953,256,96.45
20V4000M93L,designation_pdf,7171,38,99.47
20V4000M93L,qty_pdf,7171,38,99.47
20V4000M93L,measure_pdf,4685,2524,64.99
20V4000M93L,norma_pdf,3892,3317,53.99
20V4000M93L,qty_final,7171,38,99.47
20V4000M93L,measure_final,4685,2524,64.99
20V4000M93L,norma_final,3892,3317,53.99
20V4000M93L,weight_final,6742,467,93.52
20V4000M93L,fn_final,806,6403,11.18
20V4000M93L,fg_fgs_final,4616,2593,64.03
20V4000M93L,bom_final,7209,0,100
20V4000M93L,qa_revision_estado,7209,0,100
20V4000M93L,qa_revision_accion,0,7209,0
20V4000M93L,total_error,7209,0,100
20V4000M93L,has_error,7209,0,100
20V4000M93L,filename_foto,0,7209,0
20V4000M93L,ruta_foto,0,7209,0
20V4000M93L,esquemas,0,7209,0
20V4000M93L,esquemas_circulos,0,7209,0
20V4000M93L,esquemas_circulos_all,0,7209,0
20V4000M93L,ruta_esquemas_pos,0,7209,0
20V4000M93L,exp_imagenes,0,7209,0
20V4000M93L,gesa,0,7209,0
20V4000M93L,designation_gesa,0,7209,0
20V4000M93L,nsn,0,7209,0
20V4000M93L,norma,0,7209,0
20V4000M93L,normalizado,0,7209,0
20V4000M93L,dimensions_gesa,0,7209,0
20V4000M93L,weight_gesa,0,7209,0
20V4000M93L,sust_status,0,7209,0
20V4000M93L,sust_hierarchie,0,7209,0
20V4000M93L,sust_new_part_number,0,7209,0
20V4000M93L,sust_superseded_list,0,7209,0
